Model,MSE,R2
RandomForest,177299.80480600003,0.9372463706919467
LinearRegression,468635.0582258796,0.8341309469751341
GradientBoosting,140735.77563372336,0.9501878713055348
XGBoost,82552.828125,0.9707812070846558
